開催日,回次,議題等,一覧ページURL
2024-12-25,-,-,https://www.mhlw.go.jp/stf/shingi/shingi-hosho_126721.html
2019-12-27,-,-,https://www.mhlw.go.jp/stf/shingi/shingi-hosho_126721.html
2016-02-08,－,ＧＰＩＦ改革に係る議論の整理,https://www.mhlw.go.jp/stf/shingi/shingi-hosho_126721.html
2015-01-21,－,社会保障審議会年金部会における議論の整理,https://www.mhlw.go.jp/stf/shingi/shingi-hosho_126721.html
2008-11-27,－,「社会保障審議会年金部会における議論の中間的な整理」について,https://www.mhlw.go.jp/stf/shingi/shingi-hosho_126721.html
2008-07-11,－,「社会保障審議会年金部会におけるこれまでの議論の整理」について,https://www.mhlw.go.jp/stf/shingi/shingi-hosho_126721.html
2007-03-06,第10回,パート労働者の厚生年金適用に関するワーキンググループ,https://www.mhlw.go.jp/stf/shingi/shingi-hosho_126721.html
2007-02-14,第9回,パート労働者の厚生年金適用に関するワーキンググループ,https://www.mhlw.go.jp/stf/shingi/shingi-hosho_126721.html
2007-02-08,第8回,パート労働者の厚生年金適用に関するワーキンググループ,https://www.mhlw.go.jp/stf/shingi/shingi-hosho_126721.html
2007-02-02,第7回,パート労働者の厚生年金適用に関するワーキンググループ,https://www.mhlw.go.jp/stf/shingi/shingi-hosho_126721.html
2007-01-30,第6回,パート労働者の厚生年金適用に関するワーキンググループ,https://www.mhlw.go.jp/stf/shingi/shingi-hosho_126721.html
2007-01-25,第5回,パート労働者の厚生年金適用に関するワーキンググループ,https://www.mhlw.go.jp/stf/shingi/shingi-hosho_126721.html
2007-01-22,第4回,パート労働者の厚生年金適用に関するワーキンググループ,https://www.mhlw.go.jp/stf/shingi/shingi-hosho_126721.html
2007-01-19,第3回,パート労働者の厚生年金適用に関するワーキンググループ,https://www.mhlw.go.jp/stf/shingi/shingi-hosho_126721.html
2007-01-18,第2回,パート労働者の厚生年金適用に関するワーキンググループ,https://www.mhlw.go.jp/stf/shingi/shingi-hosho_126721.html
2006-12-27,第1回,パート労働者の厚生年金適用に関するワーキンググループ,https://www.mhlw.go.jp/stf/shingi/shingi-hosho_126721.html
